[
{
  "model": "admin.logentry",
  "pk": 1,
  "fields": {
    "action_time": "2021-09-14T14:24:04.432Z",
    "user": 1,
    "content_type": 10,
    "object_id": "1",
    "object_repr": "All The Possibilities",
    "action_flag": 3,
    "change_message": ""
  }
},
{
  "model": "admin.logentry",
  "pk": 2,
  "fields": {
    "action_time": "2021-09-14T14:24:31.419Z",
    "user": 1,
    "content_type": 8,
    "object_id": "1",
    "object_repr": "Vernon Pratt",
    "action_flag": 3,
    "change_message": ""
  }
},
{
  "model": "admin.logentry",
  "pk": 3,
  "fields": {
    "action_time": "2021-09-14T14:26:47.384Z",
    "user": 1,
    "content_type": 10,
    "object_id": "30",
    "object_repr": "A Black Capital for the World to See",
    "action_flag": 2,
    "change_message": "[{\"changed\": {\"fields\": [\"Artists\"]}}]"
  }
},
{
  "model": "admin.logentry",
  "pk": 4,
  "fields": {
    "action_time": "2021-09-14T14:27:15.198Z",
    "user": 1,
    "content_type": 10,
    "object_id": "32",
    "object_repr": "A Legacy of Community and Institutional Connections",
    "action_flag": 2,
    "change_message": "[{\"changed\": {\"fields\": [\"Artists\"]}}]"
  }
},
{
  "model": "admin.logentry",
  "pk": 5,
  "fields": {
    "action_time": "2021-09-14T14:28:32.859Z",
    "user": 1,
    "content_type": 10,
    "object_id": "2",
    "object_repr": "All the Possibilities",
    "action_flag": 2,
    "change_message": "[{\"changed\": {\"fields\": [\"Artists\"]}}]"
  }
},
{
  "model": "admin.logentry",
  "pk": 6,
  "fields": {
    "action_time": "2021-09-14T14:34:34.136Z",
    "user": 1,
    "content_type": 10,
    "object_id": "24",
    "object_repr": "Angel of Spring",
    "action_flag": 2,
    "change_message": "[{\"changed\": {\"fields\": [\"Artists\"]}}]"
  }
},
{
  "model": "admin.logentry",
  "pk": 7,
  "fields": {
    "action_time": "2021-09-14T14:35:16.450Z",
    "user": 1,
    "content_type": 10,
    "object_id": "27",
    "object_repr": "Cecy's Gallery Mural",
    "action_flag": 2,
    "change_message": "[{\"changed\": {\"fields\": [\"Artists\"]}}]"
  }
},
{
  "model": "admin.logentry",
  "pk": 8,
  "fields": {
    "action_time": "2021-09-14T14:35:59.348Z",
    "user": 1,
    "content_type": 10,
    "object_id": "11",
    "object_repr": "Celebrate",
    "action_flag": 2,
    "change_message": "[{\"changed\": {\"fields\": [\"Artists\"]}}]"
  }
},
{
  "model": "admin.logentry",
  "pk": 9,
  "fields": {
    "action_time": "2021-09-14T14:36:22.048Z",
    "user": 1,
    "content_type": 10,
    "object_id": "17",
    "object_repr": "Chalice",
    "action_flag": 2,
    "change_message": "[{\"changed\": {\"fields\": [\"Artists\"]}}]"
  }
},
{
  "model": "admin.logentry",
  "pk": 10,
  "fields": {
    "action_time": "2021-09-14T14:36:53.609Z",
    "user": 1,
    "content_type": 10,
    "object_id": "13",
    "object_repr": "Charging Durham",
    "action_flag": 2,
    "change_message": "[{\"changed\": {\"fields\": [\"Artists\"]}}]"
  }
},
{
  "model": "admin.logentry",
  "pk": 11,
  "fields": {
    "action_time": "2021-09-14T14:37:35.277Z",
    "user": 1,
    "content_type": 10,
    "object_id": "8",
    "object_repr": "Durham in Continuum",
    "action_flag": 2,
    "change_message": "[{\"changed\": {\"fields\": [\"Artists\"]}}]"
  }
},
{
  "model": "admin.logentry",
  "pk": 12,
  "fields": {
    "action_time": "2021-09-14T14:37:59.605Z",
    "user": 1,
    "content_type": 10,
    "object_id": "28",
    "object_repr": "El Futuro Mural",
    "action_flag": 2,
    "change_message": "[{\"changed\": {\"fields\": [\"Artists\"]}}]"
  }
},
{
  "model": "admin.logentry",
  "pk": 13,
  "fields": {
    "action_time": "2021-09-14T14:38:41.432Z",
    "user": 1,
    "content_type": 10,
    "object_id": "33",
    "object_repr": "Empowering and Diverse Opportunities",
    "action_flag": 2,
    "change_message": "[{\"changed\": {\"fields\": [\"Artists\"]}}]"
  }
},
{
  "model": "admin.logentry",
  "pk": 14,
  "fields": {
    "action_time": "2021-09-14T14:39:27.475Z",
    "user": 1,
    "content_type": 10,
    "object_id": "31",
    "object_repr": "Financial and Professional Impact in Durham",
    "action_flag": 2,
    "change_message": "[{\"changed\": {\"fields\": [\"Artists\"]}}]"
  }
},
{
  "model": "admin.logentry",
  "pk": 15,
  "fields": {
    "action_time": "2021-09-14T14:39:49.919Z",
    "user": 1,
    "content_type": 10,
    "object_id": "14",
    "object_repr": "Grab Life by the Horns",
    "action_flag": 2,
    "change_message": "[{\"changed\": {\"fields\": [\"Artists\"]}}]"
  }
},
{
  "model": "admin.logentry",
  "pk": 16,
  "fields": {
    "action_time": "2021-09-14T14:40:32.461Z",
    "user": 1,
    "content_type": 10,
    "object_id": "12",
    "object_repr": "Here Comes The Sun",
    "action_flag": 2,
    "change_message": "[{\"changed\": {\"fields\": [\"Artists\"]}}]"
  }
},
{
  "model": "admin.logentry",
  "pk": 17,
  "fields": {
    "action_time": "2021-09-14T14:41:33.736Z",
    "user": 1,
    "content_type": 10,
    "object_id": "5",
    "object_repr": "I Am My Own Muse",
    "action_flag": 2,
    "change_message": "[{\"changed\": {\"fields\": [\"Artists\"]}}]"
  }
},
{
  "model": "admin.logentry",
  "pk": 18,
  "fields": {
    "action_time": "2021-09-14T14:41:46.714Z",
    "user": 1,
    "content_type": 8,
    "object_id": "5",
    "object_repr": "Cecilia Lueza",
    "action_flag": 2,
    "change_message": "[{\"changed\": {\"fields\": [\"Name\"]}}]"
  }
},
{
  "model": "admin.logentry",
  "pk": 19,
  "fields": {
    "action_time": "2021-09-14T14:43:27.642Z",
    "user": 1,
    "content_type": 10,
    "object_id": "4",
    "object_repr": "Juchari Ziranhua / Nuestros Raices / Our Roots",
    "action_flag": 2,
    "change_message": "[{\"changed\": {\"fields\": [\"Artists\"]}}]"
  }
},
{
  "model": "admin.logentry",
  "pk": 20,
  "fields": {
    "action_time": "2021-09-14T14:44:09.070Z",
    "user": 1,
    "content_type": 10,
    "object_id": "21",
    "object_repr": "Liberty Warehouse Mural",
    "action_flag": 2,
    "change_message": "[{\"changed\": {\"fields\": [\"Artists\"]}}]"
  }
},
{
  "model": "admin.logentry",
  "pk": 21,
  "fields": {
    "action_time": "2021-09-14T14:44:53.645Z",
    "user": 1,
    "content_type": 10,
    "object_id": "16",
    "object_repr": "Major the Bull",
    "action_flag": 2,
    "change_message": "[{\"changed\": {\"fields\": [\"Artists\"]}}]"
  }
},
{
  "model": "admin.logentry",
  "pk": 22,
  "fields": {
    "action_time": "2021-09-14T14:45:18.969Z",
    "user": 1,
    "content_type": 10,
    "object_id": "37",
    "object_repr": "Mr. Pickles",
    "action_flag": 2,
    "change_message": "[{\"changed\": {\"fields\": [\"Artists\"]}}]"
  }
},
{
  "model": "admin.logentry",
  "pk": 23,
  "fields": {
    "action_time": "2021-09-14T14:45:48.170Z",
    "user": 1,
    "content_type": 10,
    "object_id": "6",
    "object_repr": "Ninth Street Bakery Mural",
    "action_flag": 2,
    "change_message": "[{\"changed\": {\"fields\": [\"Artists\"]}}]"
  }
},
{
  "model": "admin.logentry",
  "pk": 24,
  "fields": {
    "action_time": "2021-09-14T14:46:19.975Z",
    "user": 1,
    "content_type": 10,
    "object_id": "20",
    "object_repr": "Pauli Murray from the Face Up",
    "action_flag": 2,
    "change_message": "[{\"changed\": {\"fields\": [\"Artists\"]}}]"
  }
},
{
  "model": "admin.logentry",
  "pk": 25,
  "fields": {
    "action_time": "2021-09-14T14:47:13.852Z",
    "user": 1,
    "content_type": 10,
    "object_id": "26",
    "object_repr": "Pepsi",
    "action_flag": 2,
    "change_message": "[{\"changed\": {\"fields\": [\"Artists\"]}}]"
  }
},
{
  "model": "admin.logentry",
  "pk": 26,
  "fields": {
    "action_time": "2021-09-14T14:47:37.049Z",
    "user": 1,
    "content_type": 10,
    "object_id": "38",
    "object_repr": "Phat Ryan",
    "action_flag": 2,
    "change_message": "[{\"changed\": {\"fields\": [\"Artists\"]}}]"
  }
},
{
  "model": "admin.logentry",
  "pk": 27,
  "fields": {
    "action_time": "2021-09-14T14:48:00.609Z",
    "user": 1,
    "content_type": 10,
    "object_id": "39",
    "object_repr": "Purple Steam",
    "action_flag": 2,
    "change_message": "[{\"changed\": {\"fields\": [\"Artists\"]}}]"
  }
},
{
  "model": "admin.logentry",
  "pk": 28,
  "fields": {
    "action_time": "2021-09-14T14:48:29.069Z",
    "user": 1,
    "content_type": 10,
    "object_id": "18",
    "object_repr": "Pursuit of Happiness",
    "action_flag": 2,
    "change_message": "[{\"changed\": {\"fields\": [\"Artists\"]}}]"
  }
},
{
  "model": "admin.logentry",
  "pk": 29,
  "fields": {
    "action_time": "2021-09-14T14:49:09.308Z",
    "user": 1,
    "content_type": 10,
    "object_id": "10",
    "object_repr": "Swarm",
    "action_flag": 2,
    "change_message": "[{\"changed\": {\"fields\": [\"Artists\"]}}]"
  }
},
{
  "model": "admin.logentry",
  "pk": 30,
  "fields": {
    "action_time": "2021-09-14T14:49:52.900Z",
    "user": 1,
    "content_type": 10,
    "object_id": "36",
    "object_repr": "The Art of the Warli in Durham",
    "action_flag": 2,
    "change_message": "[{\"changed\": {\"fields\": [\"Artists\"]}}]"
  }
},
{
  "model": "admin.logentry",
  "pk": 31,
  "fields": {
    "action_time": "2021-09-14T14:50:35.617Z",
    "user": 1,
    "content_type": 10,
    "object_id": "35",
    "object_repr": "The Drain on Main",
    "action_flag": 2,
    "change_message": "[{\"changed\": {\"fields\": [\"Artists\"]}}]"
  }
},
{
  "model": "admin.logentry",
  "pk": 32,
  "fields": {
    "action_time": "2021-09-14T14:51:06.775Z",
    "user": 1,
    "content_type": 10,
    "object_id": "19",
    "object_repr": "Time Bridge",
    "action_flag": 2,
    "change_message": "[{\"changed\": {\"fields\": [\"Artists\"]}}]"
  }
},
{
  "model": "admin.logentry",
  "pk": 33,
  "fields": {
    "action_time": "2021-09-14T14:51:35.299Z",
    "user": 1,
    "content_type": 10,
    "object_id": "34",
    "object_repr": "Tobacco and E.J. Parish",
    "action_flag": 2,
    "change_message": "[{\"changed\": {\"fields\": [\"Artists\"]}}]"
  }
},
{
  "model": "admin.logentry",
  "pk": 34,
  "fields": {
    "action_time": "2021-09-14T14:53:21.254Z",
    "user": 1,
    "content_type": 10,
    "object_id": "23",
    "object_repr": "Two Way Bridges",
    "action_flag": 2,
    "change_message": "[{\"changed\": {\"fields\": [\"Artists\"]}}]"
  }
},
{
  "model": "admin.logentry",
  "pk": 35,
  "fields": {
    "action_time": "2021-09-14T14:53:52.382Z",
    "user": 1,
    "content_type": 10,
    "object_id": "25",
    "object_repr": "UHill Walls",
    "action_flag": 2,
    "change_message": "[{\"changed\": {\"fields\": [\"Artists\"]}}]"
  }
},
{
  "model": "admin.logentry",
  "pk": 36,
  "fields": {
    "action_time": "2021-09-14T14:54:28.654Z",
    "user": 1,
    "content_type": 10,
    "object_id": "22",
    "object_repr": "Untitled",
    "action_flag": 2,
    "change_message": "[{\"changed\": {\"fields\": [\"Artists\"]}}]"
  }
},
{
  "model": "admin.logentry",
  "pk": 37,
  "fields": {
    "action_time": "2021-09-14T14:55:00.983Z",
    "user": 1,
    "content_type": 10,
    "object_id": "29",
    "object_repr": "Visionary Leadership in the New South",
    "action_flag": 2,
    "change_message": "[{\"changed\": {\"fields\": [\"Artists\"]}}]"
  }
},
{
  "model": "admin.logentry",
  "pk": 38,
  "fields": {
    "action_time": "2021-09-14T14:55:41.359Z",
    "user": 1,
    "content_type": 10,
    "object_id": "7",
    "object_repr": "Wall of Hope",
    "action_flag": 2,
    "change_message": "[{\"changed\": {\"fields\": [\"Artists\"]}}]"
  }
},
{
  "model": "admin.logentry",
  "pk": 39,
  "fields": {
    "action_time": "2021-09-14T14:57:43.775Z",
    "user": 1,
    "content_type": 10,
    "object_id": "3",
    "object_repr": "We Must Remember and Continue to Tell",
    "action_flag": 2,
    "change_message": "[{\"changed\": {\"fields\": [\"Artists\"]}}]"
  }
},
{
  "model": "admin.logentry",
  "pk": 40,
  "fields": {
    "action_time": "2021-09-14T14:58:40.435Z",
    "user": 1,
    "content_type": 10,
    "object_id": "15",
    "object_repr": "Winding Out",
    "action_flag": 2,
    "change_message": "[{\"changed\": {\"fields\": [\"Artists\"]}}]"
  }
},
{
  "model": "admin.logentry",
  "pk": 41,
  "fields": {
    "action_time": "2021-09-16T22:27:34.608Z",
    "user": 2,
    "content_type": 10,
    "object_id": "16",
    "object_repr": "Major the Bull",
    "action_flag": 2,
    "change_message": "[{\"changed\": {\"fields\": [\"Photo\"]}}]"
  }
},
{
  "model": "admin.logentry",
  "pk": 42,
  "fields": {
    "action_time": "2021-09-16T22:36:07.484Z",
    "user": 2,
    "content_type": 10,
    "object_id": "27",
    "object_repr": "Cecy's Gallery Mural",
    "action_flag": 2,
    "change_message": "[{\"changed\": {\"fields\": [\"Photo\"]}}]"
  }
},
{
  "model": "admin.logentry",
  "pk": 43,
  "fields": {
    "action_time": "2021-09-16T22:36:23.890Z",
    "user": 2,
    "content_type": 10,
    "object_id": "11",
    "object_repr": "Celebrate",
    "action_flag": 2,
    "change_message": "[{\"changed\": {\"fields\": [\"Photo\"]}}]"
  }
},
{
  "model": "admin.logentry",
  "pk": 44,
  "fields": {
    "action_time": "2021-09-16T22:36:39.605Z",
    "user": 2,
    "content_type": 10,
    "object_id": "17",
    "object_repr": "Chalice",
    "action_flag": 2,
    "change_message": "[{\"changed\": {\"fields\": [\"Photo\"]}}]"
  }
},
{
  "model": "admin.logentry",
  "pk": 45,
  "fields": {
    "action_time": "2021-09-16T22:36:54.711Z",
    "user": 2,
    "content_type": 10,
    "object_id": "13",
    "object_repr": "Charging Durham",
    "action_flag": 2,
    "change_message": "[{\"changed\": {\"fields\": [\"Photo\"]}}]"
  }
},
{
  "model": "admin.logentry",
  "pk": 46,
  "fields": {
    "action_time": "2021-09-16T22:37:09.408Z",
    "user": 2,
    "content_type": 10,
    "object_id": "12",
    "object_repr": "Here Comes The Sun",
    "action_flag": 2,
    "change_message": "[{\"changed\": {\"fields\": [\"Photo\"]}}]"
  }
},
{
  "model": "admin.logentry",
  "pk": 47,
  "fields": {
    "action_time": "2021-09-16T22:37:24.534Z",
    "user": 2,
    "content_type": 10,
    "object_id": "5",
    "object_repr": "I Am My Own Muse",
    "action_flag": 2,
    "change_message": "[{\"changed\": {\"fields\": [\"Photo\"]}}]"
  }
},
{
  "model": "admin.logentry",
  "pk": 48,
  "fields": {
    "action_time": "2021-09-16T22:37:52.200Z",
    "user": 2,
    "content_type": 10,
    "object_id": "6",
    "object_repr": "Ninth Street Bakery Mural",
    "action_flag": 2,
    "change_message": "[{\"changed\": {\"fields\": [\"Photo\"]}}]"
  }
},
{
  "model": "admin.logentry",
  "pk": 49,
  "fields": {
    "action_time": "2021-09-16T22:38:09.980Z",
    "user": 2,
    "content_type": 10,
    "object_id": "4",
    "object_repr": "Juchari Ziranhua / Nuestros Raices / Our Roots",
    "action_flag": 2,
    "change_message": "[{\"changed\": {\"fields\": [\"Photo\"]}}]"
  }
},
{
  "model": "admin.logentry",
  "pk": 50,
  "fields": {
    "action_time": "2021-09-16T22:39:12.755Z",
    "user": 2,
    "content_type": 10,
    "object_id": "30",
    "object_repr": "A Black Capital for the World to See",
    "action_flag": 2,
    "change_message": "[{\"changed\": {\"fields\": [\"Photo\"]}}]"
  }
},
{
  "model": "admin.logentry",
  "pk": 51,
  "fields": {
    "action_time": "2021-09-16T22:39:35.616Z",
    "user": 2,
    "content_type": 10,
    "object_id": "33",
    "object_repr": "Empowering and Diverse Opportunities",
    "action_flag": 2,
    "change_message": "[{\"changed\": {\"fields\": [\"Photo\"]}}]"
  }
},
{
  "model": "admin.logentry",
  "pk": 52,
  "fields": {
    "action_time": "2021-09-16T22:39:54.169Z",
    "user": 2,
    "content_type": 10,
    "object_id": "31",
    "object_repr": "Financial and Professional Impact in Durham",
    "action_flag": 2,
    "change_message": "[{\"changed\": {\"fields\": [\"Photo\"]}}]"
  }
},
{
  "model": "admin.logentry",
  "pk": 53,
  "fields": {
    "action_time": "2021-09-16T22:40:20.094Z",
    "user": 2,
    "content_type": 10,
    "object_id": "32",
    "object_repr": "A Legacy of Community and Institutional Connections",
    "action_flag": 2,
    "change_message": "[{\"changed\": {\"fields\": [\"Photo\"]}}]"
  }
},
{
  "model": "admin.logentry",
  "pk": 54,
  "fields": {
    "action_time": "2021-09-16T22:40:40.671Z",
    "user": 2,
    "content_type": 10,
    "object_id": "34",
    "object_repr": "Tobacco and E.J. Parish",
    "action_flag": 2,
    "change_message": "[{\"changed\": {\"fields\": [\"Photo\"]}}]"
  }
},
{
  "model": "admin.logentry",
  "pk": 55,
  "fields": {
    "action_time": "2021-09-16T22:41:03.319Z",
    "user": 2,
    "content_type": 10,
    "object_id": "29",
    "object_repr": "Visionary Leadership in the New South",
    "action_flag": 2,
    "change_message": "[{\"changed\": {\"fields\": [\"Photo\"]}}]"
  }
},
{
  "model": "admin.logentry",
  "pk": 56,
  "fields": {
    "action_time": "2021-09-16T22:41:24.476Z",
    "user": 2,
    "content_type": 10,
    "object_id": "20",
    "object_repr": "Pauli Murray from the Face Up",
    "action_flag": 2,
    "change_message": "[{\"changed\": {\"fields\": [\"Photo\"]}}]"
  }
},
{
  "model": "admin.logentry",
  "pk": 57,
  "fields": {
    "action_time": "2021-09-16T22:41:43.056Z",
    "user": 2,
    "content_type": 10,
    "object_id": "38",
    "object_repr": "Phat Ryan",
    "action_flag": 2,
    "change_message": "[{\"changed\": {\"fields\": [\"Photo\"]}}]"
  }
},
{
  "model": "admin.logentry",
  "pk": 58,
  "fields": {
    "action_time": "2021-09-16T22:42:00.404Z",
    "user": 2,
    "content_type": 10,
    "object_id": "39",
    "object_repr": "Purple Steam",
    "action_flag": 2,
    "change_message": "[{\"changed\": {\"fields\": [\"Photo\"]}}]"
  }
},
{
  "model": "admin.logentry",
  "pk": 59,
  "fields": {
    "action_time": "2021-09-16T22:42:20.086Z",
    "user": 2,
    "content_type": 10,
    "object_id": "36",
    "object_repr": "The Art of the Warli in Durham",
    "action_flag": 2,
    "change_message": "[{\"changed\": {\"fields\": [\"Photo\"]}}]"
  }
},
{
  "model": "admin.logentry",
  "pk": 60,
  "fields": {
    "action_time": "2021-09-16T22:42:39.514Z",
    "user": 2,
    "content_type": 10,
    "object_id": "7",
    "object_repr": "Wall of Hope",
    "action_flag": 2,
    "change_message": "[{\"changed\": {\"fields\": [\"Photo\"]}}]"
  }
},
{
  "model": "admin.logentry",
  "pk": 61,
  "fields": {
    "action_time": "2021-09-16T22:42:59.642Z",
    "user": 2,
    "content_type": 10,
    "object_id": "15",
    "object_repr": "Winding Out",
    "action_flag": 2,
    "change_message": "[{\"changed\": {\"fields\": [\"Photo\"]}}]"
  }
},
{
  "model": "admin.logentry",
  "pk": 62,
  "fields": {
    "action_time": "2021-09-20T16:54:19.058Z",
    "user": 2,
    "content_type": 10,
    "object_id": "10",
    "object_repr": "Swarm",
    "action_flag": 2,
    "change_message": "[{\"changed\": {\"fields\": [\"Description\", \"Photo\"]}}]"
  }
},
{
  "model": "admin.logentry",
  "pk": 63,
  "fields": {
    "action_time": "2021-09-20T16:55:09.020Z",
    "user": 2,
    "content_type": 10,
    "object_id": "36",
    "object_repr": "The Art of the Warli in Durham",
    "action_flag": 2,
    "change_message": "[{\"changed\": {\"fields\": [\"Description\"]}}]"
  }
},
{
  "model": "admin.logentry",
  "pk": 64,
  "fields": {
    "action_time": "2021-09-20T16:55:51.526Z",
    "user": 2,
    "content_type": 10,
    "object_id": "23",
    "object_repr": "Two Way Bridges",
    "action_flag": 2,
    "change_message": "[{\"changed\": {\"fields\": [\"Description\", \"Photo\"]}}]"
  }
},
{
  "model": "admin.logentry",
  "pk": 65,
  "fields": {
    "action_time": "2021-09-20T16:56:29.242Z",
    "user": 2,
    "content_type": 10,
    "object_id": "21",
    "object_repr": "Liberty Warehouse Mural",
    "action_flag": 2,
    "change_message": "[{\"changed\": {\"fields\": [\"Description\", \"Photo\"]}}]"
  }
},
{
  "model": "admin.logentry",
  "pk": 66,
  "fields": {
    "action_time": "2021-09-20T16:57:09.673Z",
    "user": 2,
    "content_type": 10,
    "object_id": "39",
    "object_repr": "Purple S.T.E.A.M.",
    "action_flag": 2,
    "change_message": "[{\"changed\": {\"fields\": [\"Title\", \"Description\"]}}]"
  }
},
{
  "model": "admin.logentry",
  "pk": 67,
  "fields": {
    "action_time": "2021-09-20T16:57:38.945Z",
    "user": 2,
    "content_type": 10,
    "object_id": "34",
    "object_repr": "Tobacco and E.J. Parish",
    "action_flag": 2,
    "change_message": "[{\"changed\": {\"fields\": [\"Description\"]}}]"
  }
},
{
  "model": "admin.logentry",
  "pk": 68,
  "fields": {
    "action_time": "2021-09-20T19:44:08.602Z",
    "user": 2,
    "content_type": 10,
    "object_id": "10",
    "object_repr": "Swarm",
    "action_flag": 2,
    "change_message": "[{\"changed\": {\"fields\": [\"Year\"]}}]"
  }
},
{
  "model": "admin.logentry",
  "pk": 69,
  "fields": {
    "action_time": "2021-09-21T15:36:12.976Z",
    "user": 2,
    "content_type": 10,
    "object_id": "22",
    "object_repr": "The Mothership Mural",
    "action_flag": 2,
    "change_message": "[{\"changed\": {\"fields\": [\"Title\"]}}]"
  }
},
{
  "model": "admin.logentry",
  "pk": 70,
  "fields": {
    "action_time": "2021-09-21T15:45:36.583Z",
    "user": 2,
    "content_type": 10,
    "object_id": "38",
    "object_repr": "Phat Ryan",
    "action_flag": 2,
    "change_message": "[{\"changed\": {\"fields\": [\"Latitude\", \"Longitude\"]}}]"
  }
},
{
  "model": "auth.permission",
  "pk": 1,
  "fields": {
    "name": "Can add log entry",
    "content_type": 1,
    "codename": "add_logentry"
  }
},
{
  "model": "auth.permission",
  "pk": 2,
  "fields": {
    "name": "Can change log entry",
    "content_type": 1,
    "codename": "change_logentry"
  }
},
{
  "model": "auth.permission",
  "pk": 3,
  "fields": {
    "name": "Can delete log entry",
    "content_type": 1,
    "codename": "delete_logentry"
  }
},
{
  "model": "auth.permission",
  "pk": 4,
  "fields": {
    "name": "Can view log entry",
    "content_type": 1,
    "codename": "view_logentry"
  }
},
{
  "model": "auth.permission",
  "pk": 5,
  "fields": {
    "name": "Can add registration profile",
    "content_type": 2,
    "codename": "add_registrationprofile"
  }
},
{
  "model": "auth.permission",
  "pk": 6,
  "fields": {
    "name": "Can change registration profile",
    "content_type": 2,
    "codename": "change_registrationprofile"
  }
},
{
  "model": "auth.permission",
  "pk": 7,
  "fields": {
    "name": "Can delete registration profile",
    "content_type": 2,
    "codename": "delete_registrationprofile"
  }
},
{
  "model": "auth.permission",
  "pk": 8,
  "fields": {
    "name": "Can view registration profile",
    "content_type": 2,
    "codename": "view_registrationprofile"
  }
},
{
  "model": "auth.permission",
  "pk": 9,
  "fields": {
    "name": "Can add supervised registration profile",
    "content_type": 3,
    "codename": "add_supervisedregistrationprofile"
  }
},
{
  "model": "auth.permission",
  "pk": 10,
  "fields": {
    "name": "Can change supervised registration profile",
    "content_type": 3,
    "codename": "change_supervisedregistrationprofile"
  }
},
{
  "model": "auth.permission",
  "pk": 11,
  "fields": {
    "name": "Can delete supervised registration profile",
    "content_type": 3,
    "codename": "delete_supervisedregistrationprofile"
  }
},
{
  "model": "auth.permission",
  "pk": 12,
  "fields": {
    "name": "Can view supervised registration profile",
    "content_type": 3,
    "codename": "view_supervisedregistrationprofile"
  }
},
{
  "model": "auth.permission",
  "pk": 13,
  "fields": {
    "name": "Can add permission",
    "content_type": 4,
    "codename": "add_permission"
  }
},
{
  "model": "auth.permission",
  "pk": 14,
  "fields": {
    "name": "Can change permission",
    "content_type": 4,
    "codename": "change_permission"
  }
},
{
  "model": "auth.permission",
  "pk": 15,
  "fields": {
    "name": "Can delete permission",
    "content_type": 4,
    "codename": "delete_permission"
  }
},
{
  "model": "auth.permission",
  "pk": 16,
  "fields": {
    "name": "Can view permission",
    "content_type": 4,
    "codename": "view_permission"
  }
},
{
  "model": "auth.permission",
  "pk": 17,
  "fields": {
    "name": "Can add group",
    "content_type": 5,
    "codename": "add_group"
  }
},
{
  "model": "auth.permission",
  "pk": 18,
  "fields": {
    "name": "Can change group",
    "content_type": 5,
    "codename": "change_group"
  }
},
{
  "model": "auth.permission",
  "pk": 19,
  "fields": {
    "name": "Can delete group",
    "content_type": 5,
    "codename": "delete_group"
  }
},
{
  "model": "auth.permission",
  "pk": 20,
  "fields": {
    "name": "Can view group",
    "content_type": 5,
    "codename": "view_group"
  }
},
{
  "model": "auth.permission",
  "pk": 21,
  "fields": {
    "name": "Can add content type",
    "content_type": 6,
    "codename": "add_contenttype"
  }
},
{
  "model": "auth.permission",
  "pk": 22,
  "fields": {
    "name": "Can change content type",
    "content_type": 6,
    "codename": "change_contenttype"
  }
},
{
  "model": "auth.permission",
  "pk": 23,
  "fields": {
    "name": "Can delete content type",
    "content_type": 6,
    "codename": "delete_contenttype"
  }
},
{
  "model": "auth.permission",
  "pk": 24,
  "fields": {
    "name": "Can view content type",
    "content_type": 6,
    "codename": "view_contenttype"
  }
},
{
  "model": "auth.permission",
  "pk": 25,
  "fields": {
    "name": "Can add session",
    "content_type": 7,
    "codename": "add_session"
  }
},
{
  "model": "auth.permission",
  "pk": 26,
  "fields": {
    "name": "Can change session",
    "content_type": 7,
    "codename": "change_session"
  }
},
{
  "model": "auth.permission",
  "pk": 27,
  "fields": {
    "name": "Can delete session",
    "content_type": 7,
    "codename": "delete_session"
  }
},
{
  "model": "auth.permission",
  "pk": 28,
  "fields": {
    "name": "Can view session",
    "content_type": 7,
    "codename": "view_session"
  }
},
{
  "model": "auth.permission",
  "pk": 29,
  "fields": {
    "name": "Can add artist",
    "content_type": 8,
    "codename": "add_artist"
  }
},
{
  "model": "auth.permission",
  "pk": 30,
  "fields": {
    "name": "Can change artist",
    "content_type": 8,
    "codename": "change_artist"
  }
},
{
  "model": "auth.permission",
  "pk": 31,
  "fields": {
    "name": "Can delete artist",
    "content_type": 8,
    "codename": "delete_artist"
  }
},
{
  "model": "auth.permission",
  "pk": 32,
  "fields": {
    "name": "Can view artist",
    "content_type": 8,
    "codename": "view_artist"
  }
},
{
  "model": "auth.permission",
  "pk": 33,
  "fields": {
    "name": "Can add user",
    "content_type": 9,
    "codename": "add_user"
  }
},
{
  "model": "auth.permission",
  "pk": 34,
  "fields": {
    "name": "Can change user",
    "content_type": 9,
    "codename": "change_user"
  }
},
{
  "model": "auth.permission",
  "pk": 35,
  "fields": {
    "name": "Can delete user",
    "content_type": 9,
    "codename": "delete_user"
  }
},
{
  "model": "auth.permission",
  "pk": 36,
  "fields": {
    "name": "Can view user",
    "content_type": 9,
    "codename": "view_user"
  }
},
{
  "model": "auth.permission",
  "pk": 37,
  "fields": {
    "name": "Can add work",
    "content_type": 10,
    "codename": "add_work"
  }
},
{
  "model": "auth.permission",
  "pk": 38,
  "fields": {
    "name": "Can change work",
    "content_type": 10,
    "codename": "change_work"
  }
},
{
  "model": "auth.permission",
  "pk": 39,
  "fields": {
    "name": "Can delete work",
    "content_type": 10,
    "codename": "delete_work"
  }
},
{
  "model": "auth.permission",
  "pk": 40,
  "fields": {
    "name": "Can view work",
    "content_type": 10,
    "codename": "view_work"
  }
},
{
  "model": "contenttypes.contenttype",
  "pk": 1,
  "fields": {
    "app_label": "admin",
    "model": "logentry"
  }
},
{
  "model": "contenttypes.contenttype",
  "pk": 2,
  "fields": {
    "app_label": "registration",
    "model": "registrationprofile"
  }
},
{
  "model": "contenttypes.contenttype",
  "pk": 3,
  "fields": {
    "app_label": "registration",
    "model": "supervisedregistrationprofile"
  }
},
{
  "model": "contenttypes.contenttype",
  "pk": 4,
  "fields": {
    "app_label": "auth",
    "model": "permission"
  }
},
{
  "model": "contenttypes.contenttype",
  "pk": 5,
  "fields": {
    "app_label": "auth",
    "model": "group"
  }
},
{
  "model": "contenttypes.contenttype",
  "pk": 6,
  "fields": {
    "app_label": "contenttypes",
    "model": "contenttype"
  }
},
{
  "model": "contenttypes.contenttype",
  "pk": 7,
  "fields": {
    "app_label": "sessions",
    "model": "session"
  }
},
{
  "model": "contenttypes.contenttype",
  "pk": 8,
  "fields": {
    "app_label": "places",
    "model": "artist"
  }
},
{
  "model": "contenttypes.contenttype",
  "pk": 9,
  "fields": {
    "app_label": "places",
    "model": "user"
  }
},
{
  "model": "contenttypes.contenttype",
  "pk": 10,
  "fields": {
    "app_label": "places",
    "model": "work"
  }
},
{
  "model": "sessions.session",
  "pk": "1k2uknqtbpoo45eufdadczixq66i7s73",
  "fields": {
    "session_data": ".eJxVjDsOwyAQBe9CHSFgMZ-U6X0GBLsQnERYMnYV5e6xJRdJOzPvvVmI21rD1vMSJmJXptjll6WIz9wOQY_Y7jPHua3LlPiR8NN2Ps6UX7ez_Tuosdd9bamg8GgMGEiGAKDYnLzZEVppEqIkAYKUdKhjztoRxsFppaH4AgP7fAHtCjgN:1mSMVv:WcHQ5UP7FjnDyMN3cpSgrnhFAZ3Rc598qHvy2STCsJc",
    "expire_date": "2021-10-04T16:51:31.468Z"
  }
},
{
  "model": "sessions.session",
  "pk": "5r42t0d6gjoinwiby96om5drdf2gquwl",
  "fields": {
    "session_data": ".eJxVjMEKwyAQRP_FcxETV9Eee-83yOpuatqiEJNT6L_XQA7taWDem9lFwG3NYWu8hJnEVYC4_HYR04vLAeiJ5VFlqmVd5igPRZ60yXslft9O9-8gY8t9rewAaLVBVD75aN2ATnl0djRJsWcNMGnjJ02gIhOw7wpjDzI0WhKfL8t0N7I:1mQWDk:UYxTtS89h434I__tW-qrnBLycn8tAO1RDz-wXup85zM",
    "expire_date": "2021-09-29T14:49:08.855Z"
  }
},
{
  "model": "sessions.session",
  "pk": "dhp1j77a72r65u2sr8tu408yg8nmuhc7",
  "fields": {
    "session_data": ".eJxVjEEOgjAQRe_StWnoTFs7Lt1zBjLMtIIaSCisjHdXEha6_e-9_zIdb-vQbTUv3ajmYpw5_W49yyNPO9A7T7fZyjyty9jbXbEHrbadNT-vh_t3MHAdvrVkCk08QwkOm5A5NuAiOKDiIVFAVM-qRcijYAJUYpdLIsIoScCb9we4BTbv:1mPzSc:-mdqAFMTxVvzkdLJeD2WyKp5UigwBiVIqS_Z05gJucI",
    "expire_date": "2021-09-28T03:50:18.677Z"
  }
},
{
  "model": "sessions.session",
  "pk": "lcui277aqy1ckqvyk9vbcldu0z6wdmw8",
  "fields": {
    "session_data": ".eJxVjDsOwyAQBe9CHSFgMZ-U6X0GBLsQnERYMnYV5e6xJRdJOzPvvVmI21rD1vMSJmJXptjll6WIz9wOQY_Y7jPHua3LlPiR8NN2Ps6UX7ez_Tuosdd9bamg8GgMGEiGAKDYnLzZEVppEqIkAYKUdKhjztoRxsFppaH4AgP7fAHtCjgN:1mQzqC:gjsVxi_PQXGeG6_WOR5aqyDqgifXch0SNdvkxClsbgo",
    "expire_date": "2021-09-30T22:26:48.170Z"
  }
},
{
  "model": "places.user",
  "pk": 1,
  "fields": {
    "password": "pbkdf2_sha256$260000$U47cUzCE4Juydr5s55FhqF$Lr1J1eYVQlOY40vMgIboB+uZoJ01WleqFnNlM+ZSukk=",
    "last_login": "2021-09-14T03:50:18.674Z",
    "is_superuser": true,
    "username": "allison",
    "first_name": "",
    "last_name": "",
    "email": "allison.durham@gmail.com",
    "is_staff": true,
    "is_active": true,
    "date_joined": "2021-09-14T03:49:45.771Z",
    "art_interest": null,
    "location": null,
    "groups": [],
    "user_permissions": []
  }
},
{
  "model": "places.user",
  "pk": 2,
  "fields": {
    "password": "pbkdf2_sha256$260000$1iiffp2q0TosLw4NSU0Deg$KdLe/PiCYbOMSjvjnINrwFWowNM9iImkvT6BbtvKRJs=",
    "last_login": "2021-09-20T16:51:31.466Z",
    "is_superuser": true,
    "username": "kim",
    "first_name": "",
    "last_name": "",
    "email": "kim@kim.com",
    "is_staff": true,
    "is_active": true,
    "date_joined": "2021-09-14T15:00:46.898Z",
    "art_interest": null,
    "location": null,
    "groups": [],
    "user_permissions": []
  }
},
{
  "model": "places.user",
  "pk": 3,
  "fields": {
    "password": "pbkdf2_sha256$260000$ZhnnzXNpats5xA2JTvNZda$Ld7Z9qgp4mpa/ZLfFgES/j4OSTdooD1MNRXaMcIWG+c=",
    "last_login": null,
    "is_superuser": true,
    "username": "chris",
    "first_name": "",
    "last_name": "",
    "email": "chris@chris.com",
    "is_staff": true,
    "is_active": true,
    "date_joined": "2021-09-14T15:01:12.945Z",
    "art_interest": null,
    "location": null,
    "groups": [],
    "user_permissions": []
  }
},
{
  "model": "places.user",
  "pk": 4,
  "fields": {
    "password": "pbkdf2_sha256$260000$u4uaeRkGrxnC2s6QHu9Moq$xoUFqCMrfrarkXCx1YGZp3QnI3aVvS2ZJLEXxMb/nYU=",
    "last_login": "2021-09-15T14:49:08.844Z",
    "is_superuser": true,
    "username": "tijuan",
    "first_name": "",
    "last_name": "",
    "email": "tijuan@tijuan.com",
    "is_staff": true,
    "is_active": true,
    "date_joined": "2021-09-14T15:01:33.249Z",
    "art_interest": null,
    "location": null,
    "groups": [],
    "user_permissions": []
  }
},
{
  "model": "places.user",
  "pk": 5,
  "fields": {
    "password": "pbkdf2_sha256$260000$1i4h291ApvzeFN1uYJot1p$kGjwNWz+zDwZPpRxkW+sOqFem0hK6Ysgb44ufrskXYg=",
    "last_login": null,
    "is_superuser": true,
    "username": "rebecca",
    "first_name": "",
    "last_name": "",
    "email": "rebecca@rebecca.com",
    "is_staff": true,
    "is_active": true,
    "date_joined": "2021-09-14T15:01:55.170Z",
    "art_interest": null,
    "location": null,
    "groups": [],
    "user_permissions": []
  }
},
{
  "model": "places.artist",
  "pk": 2,
  "fields": {
    "name": "Vernon Pratt",
    "website": "https://www.thevernonprattproject.com/about"
  }
},
{
  "model": "places.artist",
  "pk": 3,
  "fields": {
    "name": "Brenda Miller Holmes",
    "website": "http://www.brendamillerholmes.com/about.html"
  }
},
{
  "model": "places.artist",
  "pk": 4,
  "fields": {
    "name": "Cornelio Campos",
    "website": "https://corneliocampos.web.unc.edu/"
  }
},
{
  "model": "places.artist",
  "pk": 5,
  "fields": {
    "name": "Cecilia Lueza",
    "website": "https://lueza.com"
  }
},
{
  "model": "places.artist",
  "pk": 6,
  "fields": {
    "name": "Scott Nurkin",
    "website": "http://themuralshop.com/"
  }
},
{
  "model": "places.artist",
  "pk": 7,
  "fields": {
    "name": "Andria Linn",
    "website": "https://www.andrialinn.com"
  }
},
{
  "model": "places.artist",
  "pk": 8,
  "fields": {
    "name": "Olalekan “LEk” Jeyifous",
    "website": "http://vigilism.com"
  }
},
{
  "model": "places.artist",
  "pk": 9,
  "fields": {
    "name": "Mary Carter Taub",
    "website": "https://marycartertaub.com/home.html"
  }
},
{
  "model": "places.artist",
  "pk": 10,
  "fields": {
    "name": "Matthew Willey",
    "website": "https://www.thegoodofthehive.com"
  }
},
{
  "model": "places.artist",
  "pk": 11,
  "fields": {
    "name": "Michael Brown",
    "website": "https://muralsbymichaelbrown.com"
  }
},
{
  "model": "places.artist",
  "pk": 12,
  "fields": {
    "name": "Karen Stern Perkins",
    "website": null
  }
},
{
  "model": "places.artist",
  "pk": 13,
  "fields": {
    "name": "Frank Kreacic",
    "website": "https://frankkreacic.com/"
  }
},
{
  "model": "places.artist",
  "pk": 14,
  "fields": {
    "name": "Victor Knight",
    "website": "https://www.instagram.com/dartsky/?hl=en"
  }
},
{
  "model": "places.artist",
  "pk": 15,
  "fields": {
    "name": "Robert Winkler",
    "website": "https://www.robertwinklersculpture.com/"
  }
},
{
  "model": "places.artist",
  "pk": 16,
  "fields": {
    "name": "Michael Waller and Lee Foushee",
    "website": "https://www.wallerfoushee.com/"
  }
},
{
  "model": "places.artist",
  "pk": 17,
  "fields": {
    "name": "Al Frega",
    "website": "https://fregacreative.com/"
  }
},
{
  "model": "places.artist",
  "pk": 18,
  "fields": {
    "name": "Charlie Brouwer",
    "website": "http://charliebrouwer.com/index.html"
  }
},
{
  "model": "places.artist",
  "pk": 19,
  "fields": {
    "name": "Odili Donald Odita",
    "website": "https://www.odilidonaldodita.com/"
  }
},
{
  "model": "places.artist",
  "pk": 20,
  "fields": {
    "name": "Brett Cook",
    "website": "https://www.brett-cook.com/"
  }
},
{
  "model": "places.artist",
  "pk": 21,
  "fields": {
    "name": "Darius Quarles",
    "website": "http://virginiahenrys.com/"
  }
},
{
  "model": "places.artist",
  "pk": 22,
  "fields": {
    "name": "Josh McBride",
    "website": null
  }
},
{
  "model": "places.artist",
  "pk": 23,
  "fields": {
    "name": "Duke students and visiting artists",
    "website": null
  }
},
{
  "model": "places.artist",
  "pk": 24,
  "fields": {
    "name": "Multiple artists",
    "website": "https://uhillwalls.com/artists/"
  }
},
{
  "model": "places.artist",
  "pk": 25,
  "fields": {
    "name": "Unknown",
    "website": null
  }
},
{
  "model": "places.artist",
  "pk": 26,
  "fields": {
    "name": "Candy Carver",
    "website": "https://candycarver.com/"
  }
},
{
  "model": "places.artist",
  "pk": 27,
  "fields": {
    "name": "David Wilson",
    "website": null
  }
},
{
  "model": "places.artist",
  "pk": 28,
  "fields": {
    "name": "Norman Lee and Shane Albritton",
    "website": "https://www.resite-studio.com/about"
  }
},
{
  "model": "places.artist",
  "pk": 29,
  "fields": {
    "name": "Sampada Kodagali Agarwal",
    "website": "https://ansimit.wordpress.com/"
  }
},
{
  "model": "places.artist",
  "pk": 30,
  "fields": {
    "name": "Ramya S. Kapadia",
    "website": null
  }
},
{
  "model": "places.artist",
  "pk": 31,
  "fields": {
    "name": "Bethany Bash",
    "website": "https://www.bethanybash.com/"
  }
},
{
  "model": "places.artist",
  "pk": 32,
  "fields": {
    "name": "Andrew Preiss",
    "website": "https://www.arpdesignstudio.com/about"
  }
},
{
  "model": "places.artist",
  "pk": 33,
  "fields": {
    "name": "Wade Williams",
    "website": "https://wadehwilliamsartist.com/"
  }
},
{
  "model": "places.artist",
  "pk": 34,
  "fields": {
    "name": "JP Trostle",
    "website": "https://japeart.com/"
  }
},
{
  "model": "places.artist",
  "pk": 35,
  "fields": {
    "name": "YouthWorks Interns",
    "website": null
  }
},
{
  "model": "places.artist",
  "pk": 36,
  "fields": {
    "name": "Muriel Epling",
    "website": "http://murielepling.squarespace.com/"
  }
},
{
  "model": "places.artist",
  "pk": 37,
  "fields": {
    "name": "Thomas Sayre",
    "website": "https://www.thomassayre.com/"
  }
},
{
  "model": "places.artist",
  "pk": 38,
  "fields": {
    "name": "Julienne Alexander",
    "website": "http://www.yssrs.com/"
  }
},
{
  "model": "places.artist",
  "pk": 39,
  "fields": {
    "name": "Julia Gartrell",
    "website": "http://juliagartrell.com/"
  }
},
{
  "model": "places.artist",
  "pk": 40,
  "fields": {
    "name": "Volkan Alkanoglu",
    "website": "https://www.alkanoglu.com"
  }
},
{
  "model": "places.work",
  "pk": 2,
  "fields": {
    "title": "All the Possibilities",
    "year": 1988,
    "latitude": "35.997848",
    "longitude": "-78.903620",
    "category": "sculpture",
    "description": "",
    "photo": "",
    "notes": "",
    "wheelchairAccessible": true,
    "artists": [
      2
    ]
  }
},
{
  "model": "places.work",
  "pk": 3,
  "fields": {
    "title": "We Must Remember and Continue to Tell",
    "year": 2015,
    "latitude": "35.997848",
    "longitude": "-78.903620",
    "category": "mural",
    "description": "",
    "photo": "",
    "notes": "",
    "wheelchairAccessible": true,
    "artists": [
      3
    ]
  }
},
{
  "model": "places.work",
  "pk": 4,
  "fields": {
    "title": "Juchari Ziranhua / Nuestros Raices / Our Roots",
    "year": 2019,
    "latitude": "35.997118",
    "longitude": "-78.903123",
    "category": "mural",
    "description": "",
    "photo": "images/our_roots_480x320.png",
    "notes": "",
    "wheelchairAccessible": true,
    "artists": [
      4
    ]
  }
},
{
  "model": "places.work",
  "pk": 5,
  "fields": {
    "title": "I Am My Own Muse",
    "year": 2019,
    "latitude": "35.997092",
    "longitude": "-78.902838",
    "category": "mural",
    "description": "",
    "photo": "images/i_am_my_own_muse_480x320.png",
    "notes": "",
    "wheelchairAccessible": true,
    "artists": [
      5
    ]
  }
},
{
  "model": "places.work",
  "pk": 6,
  "fields": {
    "title": "Ninth Street Bakery Mural",
    "year": null,
    "latitude": "35.996707",
    "longitude": "-78.903160",
    "category": "mural",
    "description": "",
    "photo": "images/ninth_st_bakery_480x320.png",
    "notes": "",
    "wheelchairAccessible": true,
    "artists": [
      6
    ]
  }
},
{
  "model": "places.work",
  "pk": 7,
  "fields": {
    "title": "Wall of Hope",
    "year": 2008,
    "latitude": "35.996368",
    "longitude": "-78.902765",
    "category": "mural",
    "description": "",
    "photo": "images/wall_of_hope_480x320.png",
    "notes": "",
    "wheelchairAccessible": true,
    "artists": [
      7
    ]
  }
},
{
  "model": "places.work",
  "pk": 8,
  "fields": {
    "title": "Durham in Continuum",
    "year": 2018,
    "latitude": "35.995823",
    "longitude": "-78.903575",
    "category": "mural",
    "description": "",
    "photo": "",
    "notes": "",
    "wheelchairAccessible": true,
    "artists": [
      8
    ]
  }
},
{
  "model": "places.work",
  "pk": 9,
  "fields": {
    "title": "Along the way: Snapping!, Crackling!, and Popping!",
    "year": 2019,
    "latitude": "36.000975",
    "longitude": "-78.901476",
    "category": "crosswalk",
    "description": null,
    "photo": "",
    "notes": null,
    "wheelchairAccessible": true,
    "artists": []
  }
},
{
  "model": "places.work",
  "pk": 10,
  "fields": {
    "title": "Swarm",
    "year": 2016,
    "latitude": "35.995136",
    "longitude": "-78.906347",
    "category": "mural",
    "description": "A colorful mural of bees, honeycombs and wildflowers spans the entire brick wall on the side of the Burt’s Bees building. “Swarm” is part of the Good of the Hive Initiative which is painting 50,000 honey bees across America to raise awareness of the decline of bees and their importance in our world.",
    "photo": "images/swarm_480x320.png",
    "notes": "",
    "wheelchairAccessible": true,
    "artists": [
      10
    ]
  }
},
{
  "model": "places.work",
  "pk": 11,
  "fields": {
    "title": "Celebrate",
    "year": null,
    "latitude": "35.994611",
    "longitude": "-78.902700",
    "category": "mural",
    "description": "",
    "photo": "images/celebrate_480x320_Xj4LSqX.png",
    "notes": "",
    "wheelchairAccessible": true,
    "artists": [
      11
    ]
  }
},
{
  "model": "places.work",
  "pk": 12,
  "fields": {
    "title": "Here Comes The Sun",
    "year": 1975,
    "latitude": "35.994717",
    "longitude": "-78.899663",
    "category": "mural",
    "description": "",
    "photo": "images/here_comes_the_sun_480x320.png",
    "notes": "",
    "wheelchairAccessible": true,
    "artists": [
      12
    ]
  }
},
{
  "model": "places.work",
  "pk": 13,
  "fields": {
    "title": "Charging Durham",
    "year": 2017,
    "latitude": "35.996085",
    "longitude": "-78.901447",
    "category": "mural",
    "description": "",
    "photo": "images/charging_durham_480x320.png",
    "notes": "",
    "wheelchairAccessible": true,
    "artists": [
      13
    ]
  }
},
{
  "model": "places.work",
  "pk": 14,
  "fields": {
    "title": "Grab Life by the Horns",
    "year": 2017,
    "latitude": "35.996409",
    "longitude": "-78.902896",
    "category": "mural",
    "description": "",
    "photo": "",
    "notes": "",
    "wheelchairAccessible": true,
    "artists": [
      14
    ]
  }
},
{
  "model": "places.work",
  "pk": 15,
  "fields": {
    "title": "Winding Out",
    "year": 2014,
    "latitude": "35.995935",
    "longitude": "-78.900239",
    "category": "sculpture",
    "description": "",
    "photo": "images/winding_out_480x320.png",
    "notes": "",
    "wheelchairAccessible": true,
    "artists": [
      15
    ]
  }
},
{
  "model": "places.work",
  "pk": 16,
  "fields": {
    "title": "Major the Bull",
    "year": null,
    "latitude": "35.996327",
    "longitude": "-78.901446",
    "category": "sculpture",
    "description": "",
    "photo": "images/major_the_bull_480x320.png",
    "notes": "",
    "wheelchairAccessible": true,
    "artists": [
      16
    ]
  }
},
{
  "model": "places.work",
  "pk": 17,
  "fields": {
    "title": "Chalice",
    "year": 2014,
    "latitude": "35.996545",
    "longitude": "-78.902061",
    "category": "sculpture",
    "description": "",
    "photo": "images/chalice_480x320.png",
    "notes": "",
    "wheelchairAccessible": true,
    "artists": [
      17
    ]
  }
},
{
  "model": "places.work",
  "pk": 18,
  "fields": {
    "title": "Pursuit of Happiness",
    "year": 2014,
    "latitude": "35.997471",
    "longitude": "-78.903723",
    "category": "sculpture",
    "description": "",
    "photo": "",
    "notes": "",
    "wheelchairAccessible": true,
    "artists": [
      18
    ]
  }
},
{
  "model": "places.work",
  "pk": 19,
  "fields": {
    "title": "Time Bridge",
    "year": 2015,
    "latitude": "35.998463",
    "longitude": "-78.903252",
    "category": "mural",
    "description": "",
    "photo": "",
    "notes": "",
    "wheelchairAccessible": true,
    "artists": [
      19
    ]
  }
},
{
  "model": "places.work",
  "pk": 20,
  "fields": {
    "title": "Pauli Murray from the Face Up",
    "year": 2008,
    "latitude": "35.999304",
    "longitude": "-78.901716",
    "category": "mural",
    "description": "",
    "photo": "images/pauli_murray_480x320.png",
    "notes": "",
    "wheelchairAccessible": true,
    "artists": [
      20
    ]
  }
},
{
  "model": "places.work",
  "pk": 21,
  "fields": {
    "title": "Liberty Warehouse Mural",
    "year": null,
    "latitude": "36.001998",
    "longitude": "-78.902175",
    "category": "mural",
    "description": "Tucked in an open courtyard of the Liberty Warehouse Apartments, this 45 foot-long mural represents a history of the original Liberty Warehouse that once occupied this site and the legacy of tobacco that was a central industry in Durham. Elements of the mural include Major the Bull, the Lucky Strike water tower, Liberty Cafe and other buildings, and men inspecting tobacco leaves prior to auction.",
    "photo": "images/liberty_warehouse_480x320.png",
    "notes": "",
    "wheelchairAccessible": true,
    "artists": [
      21
    ]
  }
},
{
  "model": "places.work",
  "pk": 22,
  "fields": {
    "title": "The Mothership Mural",
    "year": null,
    "latitude": "36.003801",
    "longitude": "-78.900024",
    "category": "mural",
    "description": "",
    "photo": "",
    "notes": "",
    "wheelchairAccessible": true,
    "artists": [
      22
    ]
  }
},
{
  "model": "places.work",
  "pk": 23,
  "fields": {
    "title": "Two Way Bridges",
    "year": null,
    "latitude": "35.999680",
    "longitude": "-78.910459",
    "category": "mural",
    "description": "A handshake represents trust and agreement between two people. This mural of clasping hands beneath the gaze of two eyes is called “Two Way Bridges” or “Puentes de Doble Via.” It is part of a broader Two Way Bridges project that connects and deepens exchanges between Duke University and the local Latino community (source: muraldurham.com).",
    "photo": "images/two_way_bridges_480x320.png",
    "notes": "",
    "wheelchairAccessible": true,
    "artists": [
      23
    ]
  }
},
{
  "model": "places.work",
  "pk": 24,
  "fields": {
    "title": "Angel of Spring",
    "year": 2015,
    "latitude": "36.007786",
    "longitude": "-78.922137",
    "category": "mural",
    "description": "",
    "photo": "",
    "notes": "",
    "wheelchairAccessible": true,
    "artists": [
      11
    ]
  }
},
{
  "model": "places.work",
  "pk": 25,
  "fields": {
    "title": "UHill Walls",
    "year": 2020,
    "latitude": "35.967172",
    "longitude": "-78.954526",
    "category": "mural",
    "description": "",
    "photo": "",
    "notes": "",
    "wheelchairAccessible": true,
    "artists": [
      24
    ]
  }
},
{
  "model": "places.work",
  "pk": 26,
  "fields": {
    "title": "Pepsi",
    "year": null,
    "latitude": "35.982004",
    "longitude": "-78.880393",
    "category": "mural",
    "description": "",
    "photo": "",
    "notes": "",
    "wheelchairAccessible": true,
    "artists": [
      25
    ]
  }
},
{
  "model": "places.work",
  "pk": 27,
  "fields": {
    "title": "Cecy's Gallery Mural",
    "year": null,
    "latitude": "35.999849",
    "longitude": "-78.901643",
    "category": "mural",
    "description": "",
    "photo": "images/cecys_gallery_mural_480x320.png",
    "notes": "",
    "wheelchairAccessible": true,
    "artists": [
      25
    ]
  }
},
{
  "model": "places.work",
  "pk": 28,
  "fields": {
    "title": "El Futuro Mural",
    "year": null,
    "latitude": "36.083762",
    "longitude": "-78.917508",
    "category": "mural",
    "description": "",
    "photo": "",
    "notes": "",
    "wheelchairAccessible": true,
    "artists": [
      4
    ]
  }
},
{
  "model": "places.work",
  "pk": 29,
  "fields": {
    "title": "Visionary Leadership in the New South",
    "year": 2009,
    "latitude": "35.996246",
    "longitude": "-78.901655",
    "category": "sculpture",
    "description": "",
    "photo": "images/parrish_st_markers_visionary_leadership_480x320.png",
    "notes": "",
    "wheelchairAccessible": true,
    "artists": [
      17,
      16
    ]
  }
},
{
  "model": "places.work",
  "pk": 30,
  "fields": {
    "title": "A Black Capital for the World to See",
    "year": 2009,
    "latitude": "35.996056",
    "longitude": "-78.900996",
    "category": "sculpture",
    "description": "",
    "photo": "images/parrish_st_markers_black_capital_480x320.png",
    "notes": "",
    "wheelchairAccessible": true,
    "artists": [
      17,
      16
    ]
  }
},
{
  "model": "places.work",
  "pk": 31,
  "fields": {
    "title": "Financial and Professional Impact in Durham",
    "year": 2009,
    "latitude": "35.995619",
    "longitude": "-78.900356",
    "category": "sculpture",
    "description": "",
    "photo": "images/parrish_st_markers_financial_480x320.png",
    "notes": "",
    "wheelchairAccessible": true,
    "artists": [
      17,
      16
    ]
  }
},
{
  "model": "places.work",
  "pk": 32,
  "fields": {
    "title": "A Legacy of Community and Institutional Connections",
    "year": 2009,
    "latitude": "35.996031",
    "longitude": "-78.900320",
    "category": "sculpture",
    "description": "",
    "photo": "images/parrish_st_markers_legacy_480x320.png",
    "notes": "",
    "wheelchairAccessible": true,
    "artists": [
      17,
      16
    ]
  }
},
{
  "model": "places.work",
  "pk": 33,
  "fields": {
    "title": "Empowering and Diverse Opportunities",
    "year": 2009,
    "latitude": "35.994964",
    "longitude": "-78.898956",
    "category": "sculpture",
    "description": "",
    "photo": "images/parrish_st_markers_empowering_480x320.png",
    "notes": "",
    "wheelchairAccessible": true,
    "artists": [
      17,
      16
    ]
  }
},
{
  "model": "places.work",
  "pk": 34,
  "fields": {
    "title": "Tobacco and E.J. Parish",
    "year": 2009,
    "latitude": "35.995205",
    "longitude": "-78.899392",
    "category": "sculpture",
    "description": "Tobacco and E.J. Parrish is the first in a series of six monuments along Parrish Street celebrating the history of “Black Wall Street” in Durham. Featuring five large tobacco leaves above a plaque, the sculpture honors early tobacco entrepreneur E.J. Parrish who operated a tobacco warehouse on Parrish Street in the late 19th century (source: https://docsouth.unc.edu/commland/monument/194/).",
    "photo": "images/parrish_st_markers_tobacco_and_ej_parrish_480x320.png",
    "notes": "",
    "wheelchairAccessible": true,
    "artists": [
      17,
      16
    ]
  }
},
{
  "model": "places.work",
  "pk": 35,
  "fields": {
    "title": "The Drain on Main",
    "year": 2017,
    "latitude": "35.996656",
    "longitude": "-78.903862",
    "category": "mural",
    "description": "",
    "photo": "",
    "notes": "",
    "wheelchairAccessible": true,
    "artists": [
      26
    ]
  }
},
{
  "model": "places.work",
  "pk": 36,
  "fields": {
    "title": "The Art of the Warli in Durham",
    "year": null,
    "latitude": "35.998758",
    "longitude": "-78.901872",
    "category": "mural",
    "description": "This sprawling, lace-like mural of intricate white images on a brick background was created in the style of Warli - an indigenous art style from Western India that uses minimalistic forms and vibrant patterns to reflect everyday lives and events. Members of the Durham community worked with the artists in a series of live-streamed lessons to learn Warli painting techniques and contribute sketches about Durham to be included in the mural’s design. The mural was created as part of Season 3 of Downtown Durham Inc’s Public Space Project (source: downtowndurham.com).",
    "photo": "images/the_art_of_the_warli_480x320.png",
    "notes": "",
    "wheelchairAccessible": true,
    "artists": [
      30,
      29
    ]
  }
},
{
  "model": "places.work",
  "pk": 37,
  "fields": {
    "title": "Mr. Pickles",
    "year": 2005,
    "latitude": "36.000609",
    "longitude": "-78.900964",
    "category": "sculpture",
    "description": "",
    "photo": "",
    "notes": "",
    "wheelchairAccessible": true,
    "artists": [
      16
    ]
  }
},
{
  "model": "places.work",
  "pk": 38,
  "fields": {
    "title": "Phat Ryan",
    "year": 2009,
    "latitude": "36.000430",
    "longitude": "-78.901090",
    "category": "sculpture",
    "description": "",
    "photo": "images/phat_ryan_480x320.png",
    "notes": "",
    "wheelchairAccessible": true,
    "artists": [
      16
    ]
  }
},
{
  "model": "places.work",
  "pk": 39,
  "fields": {
    "title": "Purple S.T.E.A.M.",
    "year": 2020,
    "latitude": "35.994807",
    "longitude": "-78.897258",
    "category": "sculpture",
    "description": "The purple woven sculpture outside the Main Branch of the Durham Public Library is one of the largest permanent 3D-printed public sculptures in the United States. The sculpture’s purple color was influenced by two books frequently mentioned as favorites at the library: “The Color Purple” by Alice Walker and “Harold and the Purple Crayon” by Crockett Johnson. Both the fabrication process and the color of the sculpture represent the library’s commitment to STEAM education (source: durhamcountylibrary.org).",
    "photo": "images/purple_steam_480x320.png",
    "notes": "",
    "wheelchairAccessible": true,
    "artists": [
      40
    ]
  }
}
]
